{
	"credit": "Made with Blockbench",
	"parent": "create:block/large_wheels",
	"textures": {
		"6": "create:block/crushing_wheel_body",
		"spruce_log_top": "create:block/smooth_dark_log_top",
		"axis_top": "create:block/axis_top",
		"axis": "create:block/axis",
		"crushing_wheel": "create:block/crushing_wheel",
		"particle": "block/polished_andesite"
	},
	"elements": [
		{
			"name": "Axis",
			"from": [6, 0, 6],
			"to": [10, 16, 10],
			"faces": {
				"north": {"uv": [6, 0, 10, 16], "texture": "#axis"},
				"east": {"uv": [6, 0, 10, 16], "texture": "#axis"},
				"south": {"uv": [6, 0, 10, 16], "texture": "#axis"},
				"west": {"uv": [6, 0, 10, 16], "texture": "#axis"},
				"up": {"uv": [6, 6, 10, 10], "texture": "#axis_top"},
				"down": {"uv": [6, 6, 10, 10], "texture": "#axis_top"}
			}
		},
		{
			"name": "B1",
			"from": [2, 1.95, -8],
			"to": [9, 14.05, 7],
			"rotation": {"angle": -22.5, "axis": "y", "origin": [8, 7.95, 8]},
			"faces": {
				"north": {"uv": [7.5, 6, 11, 12], "texture": "#6"},
				"east": {"uv": [0, 0, 7.5, 6], "texture": "#6"},
				"south": {"uv": [7.5, 0, 11, 6], "texture": "#6"},
				"west": {"uv": [1.5, 6, 7.5, 0], "rotation": 180, "texture": "#6"},
				"up": {"uv": [0, 9.5, 7.5, 13], "rotation": 270, "texture": "#6"},
				"down": {"uv": [0, 9.5, 7.5, 13], "rotation": 90, "texture": "#6"}
			}
		},
		{
			"name": "B2",
			"from": [2, 1.9, -8],
			"to": [10, 14.1, 7],
			"rotation": {"angle": 0, "axis": "y", "origin": [8, 7.95, 8]},
			"faces": {
				"north": {"uv": [3.5, 0, 7.5, 6], "texture": "#6"},
				"east": {"uv": [0, 0, 7.5, 6], "texture": "#6"},
				"south": {"uv": [7.5, 0, 11, 6], "texture": "#6"},
				"west": {"uv": [1.5, 6, 7.5, 0], "rotation": 180, "texture": "#6"},
				"up": {"uv": [0, 6.5, 7.5, 10.5], "rotation": 270, "texture": "#6"},
				"down": {"uv": [0, 6, 7.5, 9.5], "rotation": 90, "texture": "#6"}
			}
		},
		{
			"name": "B3",
			"from": [2, 1.95, -8],
			"to": [9, 14.05, 7],
			"rotation": {"angle": 22.5, "axis": "y", "origin": [8, 7.95, 8]},
			"faces": {
				"north": {"uv": [11, 0, 14.5, 6], "texture": "#6"},
				"east": {"uv": [0, 0, 7.5, 6], "texture": "#6"},
				"south": {"uv": [7.5, 0, 11, 6], "texture": "#6"},
				"west": {"uv": [1.5, 6, 7.5, 0], "rotation": 180, "texture": "#6"},
				"up": {"uv": [0, 6, 7.5, 9.5], "rotation": 270, "texture": "#6"},
				"down": {"uv": [0, 6, 7.5, 9.5], "rotation": 90, "texture": "#6"}
			}
		},
		{
			"name": "B4",
			"from": [2, 1.9, -8],
			"to": [10, 14.1, 7],
			"rotation": {"angle": 45, "axis": "y", "origin": [8, 8.05, 8]},
			"faces": {
				"north": {"uv": [3.5, 0, 7.5, 6], "texture": "#6"},
				"east": {"uv": [0, 0, 7.5, 6], "texture": "#6"},
				"south": {"uv": [7.5, 0, 11, 6], "texture": "#6"},
				"west": {"uv": [1.5, 6, 7.5, 0], "rotation": 180, "texture": "#6"},
				"up": {"uv": [0, 6.5, 7.5, 10.5], "rotation": 270, "texture": "#6"},
				"down": {"uv": [8.5, 12.5, 16, 16], "rotation": 90, "texture": "#6"}
			}
		},
		{
			"name": "B5",
			"from": [-8, 1.95, 7],
			"to": [7, 14.05, 14],
			"rotation": {"angle": -22.5, "axis": "y", "origin": [8, 7.95, 8]},
			"faces": {
				"north": {"uv": [0, 0, 7.5, 6], "texture": "#6"},
				"east": {"uv": [7.5, 0, 11, 6], "texture": "#6"},
				"south": {"uv": [1.5, 6, 7.5, 0], "rotation": 180, "texture": "#6"},
				"west": {"uv": [7.5, 6, 11, 12], "texture": "#6"},
				"up": {"uv": [0, 9.5, 7.5, 13], "rotation": 180, "texture": "#6"},
				"down": {"uv": [0, 9.5, 7.5, 13], "rotation": 180, "texture": "#6"}
			}
		},
		{
			"name": "B6",
			"from": [-8, 1.9, 6],
			"to": [7, 14.1, 14],
			"rotation": {"angle": 0, "axis": "y", "origin": [8, 7.95, 8]},
			"faces": {
				"north": {"uv": [0, 0, 7.5, 6], "texture": "#6"},
				"east": {"uv": [7.5, 0, 11, 6], "texture": "#6"},
				"south": {"uv": [1.5, 6, 7.5, 0], "rotation": 180, "texture": "#6"},
				"west": {"uv": [3.5, 0, 7.5, 6], "texture": "#6"},
				"up": {"uv": [0, 6.5, 7.5, 10.5], "rotation": 180, "texture": "#6"},
				"down": {"uv": [0, 6, 7.5, 9.5], "rotation": 180, "texture": "#6"}
			}
		},
		{
			"name": "B7",
			"from": [-8, 1.95, 7],
			"to": [7, 14.05, 14],
			"rotation": {"angle": 22.5, "axis": "y", "origin": [8, 7.95, 8]},
			"faces": {
				"north": {"uv": [0, 0, 7.5, 6], "texture": "#6"},
				"east": {"uv": [7.5, 0, 11, 6], "texture": "#6"},
				"south": {"uv": [1.5, 6, 7.5, 0], "rotation": 180, "texture": "#6"},
				"west": {"uv": [7.5, 0, 11, 6], "texture": "#6"},
				"up": {"uv": [0, 6, 7.5, 9.5], "rotation": 180, "texture": "#6"},
				"down": {"uv": [0, 6, 7.5, 9.5], "rotation": 180, "texture": "#6"}
			}
		},
		{
			"name": "B8",
			"from": [-8, 1.9, 6],
			"to": [7, 14.1, 14],
			"rotation": {"angle": 45, "axis": "y", "origin": [8, 7.95, 8]},
			"faces": {
				"north": {"uv": [0, 0, 7.5, 6], "texture": "#6"},
				"east": {"uv": [7.5, 0, 11, 6], "texture": "#6"},
				"south": {"uv": [1.5, 6, 7.5, 0], "rotation": 180, "texture": "#6"},
				"west": {"uv": [3.5, 0, 7.5, 6], "texture": "#6"},
				"up": {"uv": [0, 6.5, 7.5, 10.5], "rotation": 180, "texture": "#6"},
				"down": {"uv": [8.5, 12.5, 16, 16], "rotation": 180, "texture": "#6"}
			}
		},
		{
			"name": "B9",
			"from": [7, 1.95, 9],
			"to": [14, 14.05, 24],
			"rotation": {"angle": -22.5, "axis": "y", "origin": [8, 7.95, 8]},
			"faces": {
				"north": {"uv": [7.5, 0, 11, 6], "texture": "#6"},
				"east": {"uv": [1.5, 6, 7.5, 0], "rotation": 180, "texture": "#6"},
				"south": {"uv": [7.5, 6, 11, 12], "texture": "#6"},
				"west": {"uv": [0, 0, 7.5, 6], "texture": "#6"},
				"up": {"uv": [0, 9.5, 7.5, 13], "rotation": 90, "texture": "#6"},
				"down": {"uv": [0, 9.5, 7.5, 13], "rotation": 270, "texture": "#6"}
			}
		},
		{
			"name": "B10",
			"from": [6, 1.9, 9],
			"to": [14, 14.1, 24],
			"rotation": {"angle": 0, "axis": "y", "origin": [8, 7.95, 8]},
			"faces": {
				"north": {"uv": [7.5, 0, 11, 6], "texture": "#6"},
				"east": {"uv": [1.5, 6, 7.5, 0], "rotation": 180, "texture": "#6"},
				"south": {"uv": [3.5, 0, 7.5, 6], "texture": "#6"},
				"west": {"uv": [0, 0, 7.5, 6], "texture": "#6"},
				"up": {"uv": [0, 6, 7.5, 10], "rotation": 90, "texture": "#6"},
				"down": {"uv": [0, 6, 7.5, 9.5], "rotation": 270, "texture": "#6"}
			}
		},
		{
			"name": "B11",
			"from": [7, 1.95, 9],
			"to": [14, 14.05, 24],
			"rotation": {"angle": 22.5, "axis": "y", "origin": [8, 7.95, 8]},
			"faces": {
				"north": {"uv": [7.5, 0, 11, 6], "texture": "#6"},
				"east": {"uv": [1.5, 6, 7.5, 0], "rotation": 180, "texture": "#6"},
				"south": {"uv": [7.5, 6, 11, 12], "texture": "#6"},
				"west": {"uv": [0, 0, 7.5, 6], "texture": "#6"},
				"up": {"uv": [8.5, 12.5, 16, 16], "rotation": 90, "texture": "#6"},
				"down": {"uv": [8.5, 12.5, 16, 16], "rotation": 270, "texture": "#6"}
			}
		},
		{
			"name": "B12",
			"from": [6, 1.9, 9],
			"to": [14, 14.1, 24],
			"rotation": {"angle": 45, "axis": "y", "origin": [8, 7.95, 8]},
			"faces": {
				"north": {"uv": [7.5, 0, 11, 6], "texture": "#6"},
				"east": {"uv": [1.5, 6, 7.5, 0], "rotation": 180, "texture": "#6"},
				"south": {"uv": [3.5, 0, 7.5, 6], "texture": "#6"},
				"west": {"uv": [0, 0, 7.5, 6], "texture": "#6"},
				"up": {"uv": [0, 6.5, 7.5, 10.5], "rotation": 90, "texture": "#6"},
				"down": {"uv": [0, 6, 7.5, 9.5], "rotation": 270, "texture": "#6"}
			}
		},
		{
			"name": "B13",
			"from": [9, 1.95, 2],
			"to": [24, 14.05, 9],
			"rotation": {"angle": -22.5, "axis": "y", "origin": [8, 7.95, 8]},
			"faces": {
				"north": {"uv": [1.5, 6, 7.5, 0], "rotation": 180, "texture": "#6"},
				"east": {"uv": [7.5, 6, 11, 12], "texture": "#6"},
				"south": {"uv": [0, 0, 7.5, 6], "texture": "#6"},
				"west": {"uv": [7.5, 0, 11, 6], "texture": "#6"},
				"up": {"uv": [0, 9.5, 7.5, 13], "texture": "#6"},
				"down": {"uv": [0, 9.5, 7.5, 13], "texture": "#6"}
			}
		},
		{
			"name": "B14",
			"from": [9, 1.9, 2],
			"to": [24, 14.1, 10],
			"rotation": {"angle": 0, "axis": "y", "origin": [8, 7.95, 8]},
			"faces": {
				"north": {"uv": [1.5, 6, 7.5, 0], "rotation": 180, "texture": "#6"},
				"east": {"uv": [3.5, 0, 7.5, 6], "texture": "#6"},
				"south": {"uv": [0, 0, 7.5, 6], "texture": "#6"},
				"west": {"uv": [7.5, 0, 11, 6], "texture": "#6"},
				"up": {"uv": [0, 7.5, 7.5, 11.5], "texture": "#6"},
				"down": {"uv": [0, 6, 7.5, 9.5], "texture": "#6"}
			}
		},
		{
			"name": "B15",
			"from": [9, 1.95, 2],
			"to": [24, 14.05, 9],
			"rotation": {"angle": 22.5, "axis": "y", "origin": [8, 7.95, 8]},
			"faces": {
				"north": {"uv": [1.5, 6, 7.5, 0], "rotation": 180, "texture": "#6"},
				"east": {"uv": [11, 0, 14.5, 6], "texture": "#6"},
				"south": {"uv": [0, 0, 7.5, 6], "texture": "#6"},
				"west": {"uv": [7.5, 0, 11, 6], "texture": "#6"},
				"up": {"uv": [8.5, 12.5, 16, 16], "texture": "#6"},
				"down": {"uv": [8.5, 12.5, 16, 16], "texture": "#6"}
			}
		},
		{
			"name": "B16",
			"from": [2, 1.9, -8],
			"to": [10, 14.1, 7],
			"rotation": {"angle": -45, "axis": "y", "origin": [8, 7.95, 8]},
			"faces": {
				"north": {"uv": [3.5, 0, 7.5, 6], "texture": "#6"},
				"east": {"uv": [0, 0, 7.5, 6], "texture": "#6"},
				"south": {"uv": [7.5, 0, 11, 6], "texture": "#6"},
				"west": {"uv": [1.5, 6, 7.5, 0], "rotation": 180, "texture": "#6"},
				"up": {"uv": [0, 6.5, 7.5, 10.5], "rotation": 270, "texture": "#6"},
				"down": {"uv": [0, 6, 7.5, 9.5], "rotation": 90, "texture": "#6"}
			}
		},
		{
			"name": "AxisCoat",
			"from": [4, 1, 4],
			"to": [12, 15, 12],
			"shade": false,
			"faces": {
				"north": {"uv": [4, 1, 12, 15], "texture": "#spruce_log_top"},
				"east": {"uv": [4, 1, 12, 15], "texture": "#spruce_log_top"},
				"south": {"uv": [4, 1, 12, 15], "texture": "#spruce_log_top"},
				"west": {"uv": [4, 1, 12, 15], "texture": "#spruce_log_top"},
				"up": {"uv": [4, 4, 12, 12], "texture": "#spruce_log_top"},
				"down": {"uv": [4, 4, 12, 12], "texture": "#spruce_log_top"}
			}
		},
		{
			"name": "Cover",
			"from": [-4, 1.85, -4],
			"to": [20, 14.15, 20],
			"faces": {
				"up": {"uv": [2, 2, 14, 14], "texture": "#crushing_wheel"},
				"down": {"uv": [2, 2, 14, 14], "texture": "#crushing_wheel"}
			}
		}
	],
	"groups": [
		{
			"name": "crushing_wheel",
			"origin": [8, 8, 8],
			"children": [0, 1, 2, 3, 4, 5, 6, 7, 8, 9, 10, 11, 12, 13, 14, 15, 16, 17, 18]
		}
	]
}