{
	"credit": "Made with Blockbench",
	"parent": "block/block",
	"textures": {
		"0": "create:block/bell_anim"
	},
	"elements": [
		{
			"from": [12.99, 6.99, 6.99],
			"to": [16.01, 9.01, 9.01],
			"rotation": {"angle": 0, "axis": "y", "origin": [7, 8, 8]},
			"faces": {
				"north": {"uv": [11, 6, 9.5, 7], "texture": "#0"},
				"east": {"uv": [11, 7, 12, 8], "texture": "#0"},
				"south": {"uv": [9.5, 6, 11, 7], "texture": "#0"},
				"west": {"uv": [10, 7, 10.5, 7.5], "texture": "#0"},
				"up": {"uv": [9.5, 5, 11, 6], "texture": "#0"},
				"down": {"uv": [9.5, 7, 11, 8], "texture": "#0"}
			}
		},
		{
			"from": [-0.01, 6.99, 6.99],
			"to": [3.01, 9.01, 9.01],
			"rotation": {"angle": 0, "axis": "y", "origin": [9, 8, 8]},
			"faces": {
				"north": {"uv": [9.5, 6, 11, 7], "texture": "#0"},
				"east": {"uv": [10, 7, 10.5, 7.5], "texture": "#0"},
				"south": {"uv": [11, 6, 9.5, 7], "texture": "#0"},
				"west": {"uv": [11, 7, 12, 8], "texture": "#0"},
				"up": {"uv": [9.5, 5, 11, 6], "rotation": 180, "texture": "#0"},
				"down": {"uv": [9.5, 7, 11, 8], "rotation": 180, "texture": "#0"}
			}
		},
		{
			"from": [3, 1, 3],
			"to": [13, 3, 13],
			"rotation": {"angle": 0, "axis": "y", "origin": [8, 9, 8]},
			"faces": {
				"north": {"uv": [0, 15, 5, 16], "texture": "#0"},
				"east": {"uv": [0, 15, 5, 16], "texture": "#0"},
				"south": {"uv": [0, 15, 5, 16], "texture": "#0"},
				"west": {"uv": [0, 15, 5, 16], "texture": "#0"},
				"up": {"uv": [0, 10, 5, 15], "texture": "#0"},
				"down": {"uv": [5, 10, 10, 15], "texture": "#0"}
			}
		},
		{
			"from": [4, 3, 4],
			"to": [12, 12, 12],
			"rotation": {"angle": 0, "axis": "y", "origin": [8, 9, 8]},
			"faces": {
				"north": {"uv": [8, 0, 12, 4.5], "texture": "#0"},
				"east": {"uv": [12, 4, 16, 8.5], "texture": "#0"},
				"south": {"uv": [8, 0, 12, 4.5], "texture": "#0"},
				"west": {"uv": [12, 4, 16, 8.5], "texture": "#0"},
				"up": {"uv": [12, 0, 16, 4], "texture": "#0"}
			}
		},
		{
			"from": [7, 11, 7],
			"to": [9, 15, 9],
			"rotation": {"angle": 0, "axis": "y", "origin": [8, 9, 8]},
			"faces": {
				"north": {"uv": [8, 6, 9, 8], "texture": "#0"},
				"east": {"uv": [8, 6, 9, 8], "texture": "#0"},
				"south": {"uv": [8, 6, 9, 8], "texture": "#0"},
				"west": {"uv": [8, 6, 9, 8], "texture": "#0"},
				"up": {"uv": [8, 5, 9, 6], "texture": "#0"}
			}
		},
		{
			"from": [0, 0, 8],
			"to": [16, 16, 9],
			"rotation": {"angle": 0, "axis": "y", "origin": [8, 8, 8.5]},
			"faces": {
				"north": {"uv": [0, 0, 8, 8], "texture": "#0"}
			}
		},
		{
			"from": [0, 0, 7],
			"to": [16, 16, 8],
			"rotation": {"angle": 0, "axis": "y", "origin": [8, 8, 8.5]},
			"faces": {
				"south": {"uv": [0, 0, 8, 8], "texture": "#0"}
			}
		}
	],
	"groups": [
		{
			"name": "Bell",
			"origin": [8, 8, 8],
			"color": 0,
			"children": [0, 1, 2, 3, 4, 5, 6]
		}
	]
}