{
	"credit": "Made with Blockbench",
	"parent": "create:block/large_wheels",
	"texture_size": [32, 32],
	"textures": {
		"0": "create:block/cogwheel_axis",
		"3": "create:block/axis_top",
		"4": "create:block/large_cogwheel",
		"particle": "block/stripped_spruce_log"
	},
	"elements": [
		{
			"name": "GearCaseInnerRotated",
			"from": [-2, 6.625, -2],
			"to": [18, 9.375, 18],
			"rotation": {"angle": 45, "axis": "y", "origin": [8, 8, 8]},
			"faces": {
				"north": {"uv": [0, 10, 10, 11.5], "texture": "#4"},
				"east": {"uv": [0, 10, 10, 11.5], "texture": "#4"},
				"south": {"uv": [0, 10, 10, 11.5], "texture": "#4"},
				"west": {"uv": [0, 10, 10, 11.5], "texture": "#4"},
				"up": {"uv": [0, 0, 10, 10], "texture": "#4"},
				"down": {"uv": [0, 0, 10, 10], "texture": "#4"}
			}
		},
		{
			"name": "Axis",
			"from": [6, 0, 6],
			"to": [10, 16, 10],
			"faces": {
				"north": {"uv": [6, 0, 10, 16], "texture": "#0"},
				"east": {"uv": [6, 0, 10, 16], "texture": "#0"},
				"south": {"uv": [6, 0, 10, 16], "texture": "#0"},
				"west": {"uv": [6, 0, 10, 16], "texture": "#0"},
				"up": {"uv": [6, 6, 10, 10], "texture": "#3"},
				"down": {"uv": [6, 6, 10, 10], "texture": "#3"}
			}
		},
		{
			"name": "Gear2",
			"from": [-7, 6.525, 6.5],
			"to": [23, 9.475, 9.5],
			"rotation": {"angle": 22.5, "axis": "y", "origin": [8, 8, 8]},
			"faces": {
				"north": {"uv": [0, 13, 15, 14.5], "texture": "#4"},
				"east": {"uv": [10, 9.5, 11.5, 11], "texture": "#4"},
				"south": {"uv": [0, 13, 15, 14.5], "texture": "#4"},
				"west": {"uv": [10, 9.5, 11.5, 11], "texture": "#4"},
				"up": {"uv": [0, 11.5, 15, 13], "texture": "#4"},
				"down": {"uv": [0, 11.5, 15, 13], "texture": "#4"}
			}
		},
		{
			"name": "Gear3",
			"from": [-7, 6.525, 6.5],
			"to": [23, 9.475, 9.5],
			"rotation": {"angle": -22.5, "axis": "y", "origin": [8, 8, 8]},
			"faces": {
				"north": {"uv": [0, 13, 15, 14.5], "texture": "#4"},
				"east": {"uv": [10, 9.5, 11.5, 11], "texture": "#4"},
				"south": {"uv": [0, 13, 15, 14.5], "texture": "#4"},
				"west": {"uv": [10, 9.5, 11.5, 11], "texture": "#4"},
				"up": {"uv": [0, 11.5, 15, 13], "texture": "#4"},
				"down": {"uv": [0, 11.5, 15, 13], "texture": "#4"}
			}
		},
		{
			"name": "Gear4",
			"from": [6.5, 6.525, -7],
			"to": [9.5, 9.475, 23],
			"rotation": {"angle": 22.5, "axis": "y", "origin": [8, 8, 8]},
			"faces": {
				"north": {"uv": [10, 9.5, 11.5, 11], "texture": "#4"},
				"east": {"uv": [0, 13, 15, 14.5], "texture": "#4"},
				"south": {"uv": [10, 9.5, 11.5, 11], "texture": "#4"},
				"west": {"uv": [0, 13, 15, 14.5], "texture": "#4"},
				"up": {"uv": [0, 11.5, 15, 13], "rotation": 90, "texture": "#4"},
				"down": {"uv": [0, 11.5, 15, 13], "rotation": 90, "texture": "#4"}
			}
		},
		{
			"name": "GearCaseInner",
			"from": [-2, 6.6, -2],
			"to": [18, 9.4, 18],
			"faces": {
				"north": {"uv": [0, 10, 10, 11.5], "texture": "#4"},
				"east": {"uv": [0, 10, 10, 11.5], "texture": "#4"},
				"south": {"uv": [0, 10, 10, 11.5], "texture": "#4"},
				"west": {"uv": [0, 10, 10, 11.5], "texture": "#4"},
				"up": {"uv": [0, 0, 10, 10], "texture": "#4"},
				"down": {"uv": [0, 0, 10, 10], "texture": "#4"}
			}
		},
		{
			"name": "GearCaseOuter",
			"from": [1, 5.975, 1],
			"to": [15, 10.025, 15],
			"faces": {
				"north": {"uv": [10, 0, 12.5, 7], "rotation": 90, "texture": "#4"},
				"east": {"uv": [10, 0, 12.5, 7], "rotation": 90, "texture": "#4"},
				"south": {"uv": [10, 0, 12.5, 7], "rotation": 90, "texture": "#4"},
				"west": {"uv": [10, 0, 12.5, 7], "rotation": 90, "texture": "#4"},
				"up": {"uv": [1.5, 1.5, 8.5, 8.5], "texture": "#4"},
				"down": {"uv": [1.5, 1.5, 8.5, 8.5], "texture": "#4"}
			}
		},
		{
			"name": "GearCaseOuter",
			"from": [-1, 5.975, 1],
			"to": [1, 10.025, 15],
			"rotation": {"angle": 0, "axis": "y", "origin": [8, 8, 8]},
			"faces": {
				"north": {"uv": [10, 0, 11, 1], "rotation": 90, "texture": "#4"},
				"south": {"uv": [10, 6, 11, 7], "rotation": 90, "texture": "#4"},
				"west": {"uv": [10, 0, 11, 7], "rotation": 90, "texture": "#4"},
				"up": {"uv": [12, 0, 13, 7], "rotation": 180, "texture": "#4"},
				"down": {"uv": [13, 0, 14, 7], "rotation": 180, "texture": "#4"}
			}
		},
		{
			"name": "GearCaseOuter",
			"from": [1, 5.975, -1],
			"to": [15, 10.025, 1],
			"rotation": {"angle": 0, "axis": "y", "origin": [8, 8, 8]},
			"faces": {
				"north": {"uv": [10, 0, 11, 7], "rotation": 90, "texture": "#4"},
				"east": {"uv": [10, 0, 11, 1], "rotation": 90, "texture": "#4"},
				"west": {"uv": [10, 6, 11, 7], "rotation": 90, "texture": "#4"},
				"up": {"uv": [13, 0, 14, 7], "rotation": 270, "texture": "#4"},
				"down": {"uv": [12, 0, 13, 7], "rotation": 90, "texture": "#4"}
			}
		},
		{
			"name": "GearCaseOuter",
			"from": [15, 5.975, 1],
			"to": [17, 10.025, 15],
			"rotation": {"angle": 0, "axis": "y", "origin": [8, 8, 8]},
			"faces": {
				"north": {"uv": [10, 6, 11, 7], "rotation": 90, "texture": "#4"},
				"east": {"uv": [10, 0, 11, 7], "rotation": 90, "texture": "#4"},
				"south": {"uv": [10, 0, 11, 1], "rotation": 90, "texture": "#4"},
				"up": {"uv": [15, 0, 16, 7], "texture": "#4"},
				"down": {"uv": [14, 0, 15, 7], "texture": "#4"}
			}
		},
		{
			"name": "GearCaseOuter",
			"from": [1, 5.975, 15],
			"to": [15, 10.025, 17],
			"rotation": {"angle": 0, "axis": "y", "origin": [8, 8, 8]},
			"faces": {
				"east": {"uv": [10, 6, 11, 7], "rotation": 90, "texture": "#4"},
				"south": {"uv": [10, 0, 11, 7], "rotation": 90, "texture": "#4"},
				"west": {"uv": [10, 0, 11, 1], "rotation": 90, "texture": "#4"},
				"up": {"uv": [14, 0, 15, 7], "rotation": 90, "texture": "#4"},
				"down": {"uv": [15, 0, 16, 7], "rotation": 270, "texture": "#4"}
			}
		},
		{
			"name": "Gear",
			"from": [6.5, 6.525, -7],
			"to": [9.5, 9.475, 23],
			"rotation": {"angle": -22.5, "axis": "y", "origin": [8, 8, 8]},
			"faces": {
				"north": {"uv": [10, 9.5, 11.5, 11], "texture": "#4"},
				"east": {"uv": [0, 13, 15, 14.5], "texture": "#4"},
				"south": {"uv": [10, 9.5, 11.5, 11], "texture": "#4"},
				"west": {"uv": [0, 13, 15, 14.5], "texture": "#4"},
				"up": {"uv": [0, 11.5, 15, 13], "rotation": 90, "texture": "#4"},
				"down": {"uv": [0, 11.5, 15, 13], "rotation": 90, "texture": "#4"}
			}
		},
		{
			"name": "Gear5",
			"from": [-7, 6.525, 6.5],
			"to": [23, 9.475, 9.5],
			"rotation": {"angle": 45, "axis": "y", "origin": [8, 8, 8]},
			"faces": {
				"north": {"uv": [0, 13, 15, 14.5], "texture": "#4"},
				"east": {"uv": [10, 9.5, 11.5, 11], "texture": "#4"},
				"south": {"uv": [0, 13, 15, 14.5], "texture": "#4"},
				"west": {"uv": [10, 9.5, 11.5, 11], "texture": "#4"},
				"up": {"uv": [0, 11.5, 15, 13], "texture": "#4"},
				"down": {"uv": [0, 11.5, 15, 13], "texture": "#4"}
			}
		},
		{
			"name": "Gear6",
			"from": [6.5, 6.525, -7],
			"to": [9.5, 9.475, 23],
			"rotation": {"angle": 45, "axis": "y", "origin": [8, 8, 8]},
			"faces": {
				"north": {"uv": [10, 9.5, 11.5, 11], "texture": "#4"},
				"east": {"uv": [0, 13, 15, 14.5], "texture": "#4"},
				"south": {"uv": [10, 9.5, 11.5, 11], "texture": "#4"},
				"west": {"uv": [0, 13, 15, 14.5], "texture": "#4"},
				"up": {"uv": [0, 11.5, 15, 13], "rotation": 90, "texture": "#4"},
				"down": {"uv": [0, 11.5, 15, 13], "rotation": 90, "texture": "#4"}
			}
		},
		{
			"name": "Gear7",
			"from": [-7, 6.525, 6.5],
			"to": [23, 9.475, 9.5],
			"faces": {
				"north": {"uv": [0, 13, 15, 14.5], "texture": "#4"},
				"east": {"uv": [10, 9.5, 11.5, 11], "texture": "#4"},
				"south": {"uv": [0, 13, 15, 14.5], "texture": "#4"},
				"west": {"uv": [10, 9.5, 11.5, 11], "texture": "#4"},
				"up": {"uv": [0, 11.5, 15, 13], "texture": "#4"},
				"down": {"uv": [0, 11.5, 15, 13], "texture": "#4"}
			}
		},
		{
			"name": "Gear8",
			"from": [6.5, 6.525, -7],
			"to": [9.5, 9.475, 23],
			"faces": {
				"north": {"uv": [10, 9.5, 11.5, 11], "texture": "#4"},
				"east": {"uv": [0, 13, 15, 14.5], "texture": "#4"},
				"south": {"uv": [10, 9.5, 11.5, 11], "texture": "#4"},
				"west": {"uv": [0, 13, 15, 14.5], "texture": "#4"},
				"up": {"uv": [0, 11.5, 15, 13], "rotation": 90, "texture": "#4"},
				"down": {"uv": [0, 11.5, 15, 13], "rotation": 90, "texture": "#4"}
			}
		}
	]
}