{
	"variants" : {
		"druidcraft:textures/entity/lunar_moth/lunar_moth_lime.png" : "sprite:lunar_moth_lime.png",
		"druidcraft:textures/entity/lunar_moth/lunar_moth_orange.png": "sprite:lunar_moth_orange.png",
		"druidcraft:textures/entity/lunar_moth/lunar_moth_pink.png": "sprite:lunar_moth_pink.png",
		"druidcraft:textures/entity/lunar_moth/lunar_moth_turquoise.png": "sprite:lunar_moth_turquoise.png",
		"druidcraft:textures/entity/lunar_moth/lunar_moth_white.png": "sprite:lunar_moth_white.png",
		"druidcraft:textures/entity/lunar_moth/lunar_moth_yellow.png": "sprite:lunar_moth_yellow.png",
		"default" : "sprite:lunar_moth_lime.png"
	}
}